-- Dados
-- 1

INSERT INTO USR_CRM.CLIENTES (CLIENTE_ID, NOME, EMAIL, TELEFONE, DATA_CADASTRO) VALUES (1, 'Guilherme Merisse', 'guilherme.merisse@example.com', '123456789', TO_DATE('2023-01-15', 'YYYY-MM-DD'));
INSERT INTO USR_CRM.CLIENTES (CLIENTE_ID, NOME, EMAIL, TELEFONE, DATA_CADASTRO) VALUES (2, 'Carlos Filho', 'carlos.filho@example.com', '987654321', TO_DATE('2023-02-20', 'YYYY-MM-DD'));
INSERT INTO USR_CRM.CLIENTES (CLIENTE_ID, NOME, EMAIL, TELEFONE, DATA_CADASTRO) VALUES (3, 'Ana Luiza', 'ana.luiza@example.com', '456789123', TO_DATE('2023-03-25', 'YYYY-MM-DD'));
INSERT INTO USR_CRM.CLIENTES (CLIENTE_ID, NOME, EMAIL, TELEFONE, DATA_CADASTRO) VALUES (4, 'Pedro Santos', 'pedro.santos@example.com', '789123456', TO_DATE('2023-04-30', 'YYYY-MM-DD'));

INSERT INTO USR_CRM.CAMPANHAS (CAMPANHA_ID, NOME, DATA_INICIO, DATA_FIM, ORCAMENTO) VALUES (1, 'Campanha de Verão', TO_DATE('2023-06-01', 'YYYY-MM-DD'), TO_DATE('2023-08-31', 'YYYY-MM-DD'), 50000);
INSERT INTO USR_CRM.CAMPANHAS (CAMPANHA_ID, NOME, DATA_INICIO, DATA_FIM, ORCAMENTO) VALUES (2, 'Campanha de Inverno', TO_DATE('2023-12-01', 'YYYY-MM-DD'), TO_DATE('2024-02-28', 'YYYY-MM-DD'), 30000);

INSERT INTO USR_CRM.INTERACOES (INTERACAO_ID, CLIENTE_ID, CAMPANHA_ID, DATA_INTERACAO, TIPO, METRICA, VALOR) VALUES (1, 1, 1, TO_DATE('2023-06-15', 'YYYY-MM-DD'), 'Email', 'Aberturas', 100);
INSERT INTO USR_CRM.INTERACOES (INTERACAO_ID, CLIENTE_ID, CAMPANHA_ID, DATA_INTERACAO, TIPO, METRICA, VALOR) VALUES (2, 2, 2, TO_DATE('2023-12-20', 'YYYY-MM-DD'), 'Telefone', 'Chamadas', 50);
INSERT INTO USR_CRM.INTERACOES (INTERACAO_ID, CLIENTE_ID, CAMPANHA_ID, DATA_INTERACAO, TIPO, METRICA, VALOR) VALUES (3, 3, 1, TO_DATE('2023-07-10', 'YYYY-MM-DD'), 'SMS', 'Respostas', 75);
INSERT INTO USR_CRM.INTERACOES (INTERACAO_ID, CLIENTE_ID, CAMPANHA_ID, DATA_INTERACAO, TIPO, METRICA, VALOR) VALUES (4, 4, 2, TO_DATE('2024-01-05', 'YYYY-MM-DD'), 'Email', 'Cliques', 60);

-- 2

INSERT INTO USR_GESTAO_ACAD.CURSOS (CURSO_ID, NOME, DESCRICAO, DURACAO) VALUES (1, 'Engenharia de Software', 'Curso de Engenharia de Software', 8);
INSERT INTO USR_GESTAO_ACAD.CURSOS (CURSO_ID, NOME, DESCRICAO, DURACAO) VALUES (2, 'Ciência da Computação', 'Curso de Ciência da Computação', 8);

INSERT INTO USR_GESTAO_ACAD.PROFESSORES (PROFESSOR_ID, NOME, DEPARTAMENTO) VALUES (1, 'Guilherme Merisse', 'Computação');
INSERT INTO USR_GESTAO_ACAD.PROFESSORES (PROFESSOR_ID, NOME, DEPARTAMENTO) VALUES (2, 'Carlos Filho', 'Engenharia');
INSERT INTO USR_GESTAO_ACAD.PROFESSORES (PROFESSOR_ID, NOME, DEPARTAMENTO) VALUES (3, 'Ana Luiza', 'Matemática');
INSERT INTO USR_GESTAO_ACAD.PROFESSORES (PROFESSOR_ID, NOME, DEPARTAMENTO) VALUES (4, 'Pedro Santos', 'Física');

INSERT INTO USR_GESTAO_ACAD.ESTUDANTES (ESTUDANTE_ID, NOME, DATA_NASCIMENTO, MATRICULA, CURSO_ID) VALUES (1, 'Guilherme Merisse', TO_DATE('1999-05-15', 'YYYY-MM-DD'), '20210001', 1);
INSERT INTO USR_GESTAO_ACAD.ESTUDANTES (ESTUDANTE_ID, NOME, DATA_NASCIMENTO, MATRICULA, CURSO_ID) VALUES (2, 'Carlos Filho', TO_DATE('2000-08-22', 'YYYY-MM-DD'), '20210002', 2);
INSERT INTO USR_GESTAO_ACAD.ESTUDANTES (ESTUDANTE_ID, NOME, DATA_NASCIMENTO, MATRICULA, CURSO_ID) VALUES (3, 'Ana Luiza', TO_DATE('2001-11-30', 'YYYY-MM-DD'), '20210003', 1);
INSERT INTO USR_GESTAO_ACAD.ESTUDANTES (ESTUDANTE_ID, NOME, DATA_NASCIMENTO, MATRICULA, CURSO_ID) VALUES (4, 'Pedro Santos', TO_DATE('1998-03-10', 'YYYY-MM-DD'), '20210004', 2);

INSERT INTO USR_GESTAO_ACAD.DISCIPLINAS (DISCIPLINA_ID, NOME, CURSO_ID, PROFESSOR_ID) VALUES (1, 'Algoritmos', 1, 1);
INSERT INTO USR_GESTAO_ACAD.DISCIPLINAS (DISCIPLINA_ID, NOME, CURSO_ID, PROFESSOR_ID) VALUES (2, 'Estruturas de Dados', 2, 2);
INSERT INTO USR_GESTAO_ACAD.DISCIPLINAS (DISCIPLINA_ID, NOME, CURSO_ID, PROFESSOR_ID) VALUES (3, 'Cálculo', 1, 3);
INSERT INTO USR_GESTAO_ACAD.DISCIPLINAS (DISCIPLINA_ID, NOME, CURSO_ID, PROFESSOR_ID) VALUES (4, 'Física', 2, 4);

INSERT INTO USR_GESTAO_ACAD.MATRICULAS (MATRICULA_ID, ESTUDANTE_ID, DISCIPLINA_ID, DATA_MATRICULA) VALUES (1, 1, 1, TO_DATE('2024-01-10', 'YYYY-MM-DD'));
INSERT INTO USR_GESTAO_ACAD.MATRICULAS (MATRICULA_ID, ESTUDANTE_ID, DISCIPLINA_ID, DATA_MATRICULA) VALUES (2, 2, 2, TO_DATE('2024-01-11', 'YYYY-MM-DD'));
INSERT INTO USR_GESTAO_ACAD.MATRICULAS (MATRICULA_ID, ESTUDANTE_ID, DISCIPLINA_ID, DATA_MATRICULA) VALUES (3, 3, 3, TO_DATE('2024-01-12', 'YYYY-MM-DD'));
INSERT INTO USR_GESTAO_ACAD.MATRICULAS (MATRICULA_ID, ESTUDANTE_ID, DISCIPLINA_ID, DATA_MATRICULA) VALUES (4, 4, 4, TO_DATE('2024-01-13', 'YYYY-MM-DD'));


-- 3

INSERT INTO USR_GESTAO_HOTEL.CLIENTES (CLIENTE_ID, NOME, EMAIL, TELEFONE) VALUES (1, 'Guilherme Merisse', 'guilherme.merisse@example.com', '123456789');
INSERT INTO USR_GESTAO_HOTEL.CLIENTES (CLIENTE_ID, NOME, EMAIL, TELEFONE) VALUES (2, 'Carlos Filho', 'carlos.filho@example.com', '987654321');
INSERT INTO USR_GESTAO_HOTEL.CLIENTES (CLIENTE_ID, NOME, EMAIL, TELEFONE) VALUES (3, 'Ana Luiza', 'ana.luiza@example.com', '456789123');
INSERT INTO USR_GESTAO_HOTEL.CLIENTES (CLIENTE_ID, NOME, EMAIL, TELEFONE) VALUES (4, 'Pedro Santos', 'pedro.santos@example.com', '789123456');

INSERT INTO USR_GESTAO_HOTEL.QUARTOS (QUARTO_ID, NUMERO, TIPO, PRECO_DIARIA) VALUES (1, '101', 'Standard', 150.00);
INSERT INTO USR_GESTAO_HOTEL.QUARTOS (QUARTO_ID, NUMERO, TIPO, PRECO_DIARIA) VALUES (2, '102', 'Deluxe', 250.00);

INSERT INTO USR_GESTAO_HOTEL.RESERVAS (RESERVA_ID, CLIENTE_ID, QUARTO_ID, DATA_CHECKIN, DATA_CHECKOUT, STATUS) VALUES (1, 1, 1, TO_DATE('2024-01-10', 'YYYY-MM-DD'), TO_DATE('2024-01-15', 'YYYY-MM-DD'), 'Confirmada');
INSERT INTO USR_GESTAO_HOTEL.RESERVAS (RESERVA_ID, CLIENTE_ID, QUARTO_ID, DATA_CHECKIN, DATA_CHECKOUT, STATUS) VALUES (2, 2, 2, TO_DATE('2024-02-01', 'YYYY-MM-DD'), TO_DATE('2024-02-05', 'YYYY-MM-DD'), 'Confirmada');
INSERT INTO USR_GESTAO_HOTEL.RESERVAS (RESERVA_ID, CLIENTE_ID, QUARTO_ID, DATA_CHECKIN, DATA_CHECKOUT, STATUS) VALUES (3, 3, 1, TO_DATE('2024-03-10', 'YYYY-MM-DD'), TO_DATE('2024-03-15', 'YYYY-MM-DD'), 'Confirmada');
INSERT INTO USR_GESTAO_HOTEL.RESERVAS (RESERVA_ID, CLIENTE_ID, QUARTO_ID, DATA_CHECKIN, DATA_CHECKOUT, STATUS) VALUES (4, 4, 2, TO_DATE('2024-04-01', 'YYYY-MM-DD'), TO_DATE('2024-04-05', 'YYYY-MM-DD'), 'Confirmada');

INSERT INTO USR_GESTAO_HOTEL.PEDIDOS (PEDIDO_ID, CLIENTE_ID, DATA_PEDIDO, TOTAL, STATUS) VALUES (1, 1, TO_TIMESTAMP('2024-01-11 12:00:00', 'YYYY-MM-DD HH24:MI:SS'), 100.00, 'Pago');
INSERT INTO USR_GESTAO_HOTEL.PEDIDOS (PEDIDO_ID, CLIENTE_ID, DATA_PEDIDO, TOTAL, STATUS) VALUES (2, 2, TO_TIMESTAMP('2024-02-02 18:00:00', 'YYYY-MM-DD HH24:MI:SS'), 200.00, 'Pago');
INSERT INTO USR_GESTAO_HOTEL.PEDIDOS (PEDIDO_ID, CLIENTE_ID, DATA_PEDIDO, TOTAL, STATUS) VALUES (3, 3, TO_TIMESTAMP('2024-03-11 14:00:00', 'YYYY-MM-DD HH24:MI:SS'), 150.00, 'Pago');
INSERT INTO USR_GESTAO_HOTEL.PEDIDOS (PEDIDO_ID, CLIENTE_ID, DATA_PEDIDO, TOTAL, STATUS) VALUES (4, 4, TO_TIMESTAMP('2024-04-02 20:00:00', 'YYYY-MM-DD HH24:MI:SS'), 250.00, 'Pago');

INSERT INTO USR_GESTAO_HOTEL.ITENS_PEDIDO (ITEM_PEDIDO_ID, PEDIDO_ID, NOME_ITEM, QUANTIDADE, PRECO_UNITARIO) VALUES (1, 1, 'Sanduíche', 2, 25.00);
INSERT INTO USR_GESTAO_HOTEL.ITENS_PEDIDO (ITEM_PEDIDO_ID, PEDIDO_ID, NOME_ITEM, QUANTIDADE, PRECO_UNITARIO) VALUES (2, 2, 'Suco', 4, 10.00);
INSERT INTO USR_GESTAO_HOTEL.ITENS_PEDIDO (ITEM_PEDIDO_ID, PEDIDO_ID, NOME_ITEM, QUANTIDADE, PRECO_UNITARIO) VALUES (3, 3, 'Salada', 1, 50.00);
INSERT INTO USR_GESTAO_HOTEL.ITENS_PEDIDO (ITEM_PEDIDO_ID, PEDIDO_ID, NOME_ITEM, QUANTIDADE, PRECO_UNITARIO) VALUES (4, 4, 'Pizza', 1, 100.00);



-- 4

INSERT INTO USR_GESTAO_PROJ.FUNCIONARIOS (FUNCIONARIO_ID, NOME, DATA_NASCIMENTO, CARGO, SALARIO, DATA_ADMISSAO) VALUES (1, 'Guilherme Merisse', TO_DATE('1985-03-15', 'YYYY-MM-DD'), 'Gerente de Projetos', 8000.00, TO_DATE('2010-06-01', 'YYYY-MM-DD'));
INSERT INTO USR_GESTAO_PROJ.FUNCIONARIOS (FUNCIONARIO_ID, NOME, DATA_NASCIMENTO, CARGO, SALARIO, DATA_ADMISSAO) VALUES (2, 'Carlos Filho', TO_DATE('1990-07-22', 'YYYY-MM-DD'), 'Desenvolvedor', 5000.00, TO_DATE('2015-09-15', 'YYYY-MM-DD'));
INSERT INTO USR_GESTAO_PROJ.FUNCIONARIOS (FUNCIONARIO_ID, NOME, DATA_NASCIMENTO, CARGO, SALARIO, DATA_ADMISSAO) VALUES (3, 'Ana Luiza', TO_DATE('1992-11-30', 'YYYY-MM-DD'), 'Analista de Sistemas', 6000.00, TO_DATE('2018-01-10', 'YYYY-MM-DD'));
INSERT INTO USR_GESTAO_PROJ.FUNCIONARIOS (FUNCIONARIO_ID, NOME, DATA_NASCIMENTO, CARGO, SALARIO, DATA_ADMISSAO) VALUES (4, 'Pedro Santos', TO_DATE('1988-05-20', 'YYYY-MM-DD'), 'Coordenador de Projetos', 7000.00, TO_DATE('2012-03-05', 'YYYY-MM-DD'));

INSERT INTO USR_GESTAO_PROJ.PROJETOS (PROJETO_ID, NOME, DESCRICAO, DATA_INICIO, DATA_FIM, ORCAMENTO) VALUES (1, 'Projeto Alpha', 'Desenvolvimento de um novo sistema de gestão.', TO_DATE('2024-01-01', 'YYYY-MM-DD'), TO_DATE('2024-12-31', 'YYYY-MM-DD'), 100000.00);
INSERT INTO USR_GESTAO_PROJ.PROJETOS (PROJETO_ID, NOME, DESCRICAO, DATA_INICIO, DATA_FIM, ORCAMENTO) VALUES (2, 'Projeto Beta', 'Atualização do sistema existente.', TO_DATE('2024-02-01', 'YYYY-MM-DD'), TO_DATE('2024-08-31', 'YYYY-MM-DD'), 50000.00);

INSERT INTO USR_GESTAO_PROJ.TAREFAS (TAREFA_ID, PROJETO_ID, NOME, DESCRICAO, RESPONSAVEL_ID, DATA_INICIO, DATA_FIM, STATUS) VALUES (1, 1, 'Análise de Requisitos', 'Coleta e análise de requisitos do sistema.', 1, TO_DATE('2024-01-01', 'YYYY-MM-DD'), TO_DATE('2024-02-28', 'YYYY-MM-DD'), 'Concluída');
INSERT INTO USR_GESTAO_PROJ.TAREFAS (TAREFA_ID, PROJETO_ID, NOME, DESCRICAO, RESPONSAVEL_ID, DATA_INICIO, DATA_FIM, STATUS) VALUES (2, 2, 'Desenvolvimento', 'Desenvolvimento do sistema.', 2, TO_DATE('2024-03-01', 'YYYY-MM-DD'), TO_DATE('2024-06-30', 'YYYY-MM-DD'), 'Em Andamento');
INSERT INTO USR_GESTAO_PROJ.TAREFAS (TAREFA_ID, PROJETO_ID, NOME, DESCRICAO, RESPONSAVEL_ID, DATA_INICIO, DATA_FIM, STATUS) VALUES (3, 1, 'Testes', 'Testes do sistema desenvolvido.', 3, TO_DATE('2024-07-01', 'YYYY-MM-DD'), TO_DATE('2024-09-30', 'YYYY-MM-DD'), 'Pendente');
INSERT INTO USR_GESTAO_PROJ.TAREFAS (TAREFA_ID, PROJETO_ID, NOME, DESCRICAO, RESPONSAVEL_ID, DATA_INICIO, DATA_FIM, STATUS) VALUES (4, 2, 'Implantação', 'Implantação do sistema atualizado.', 4, TO_DATE('2024-10-01', 'YYYY-MM-DD'), TO_DATE('2024-12-31', 'YYYY-MM-DD'), 'Planejada');

INSERT INTO USR_GESTAO_PROJ.ALOCACOES_RECURSOS (ALOCACAO_ID, PROJETO_ID, FUNCIONARIO_ID, HORAS_TRABALHADAS) VALUES (1, 1, 1, 160.00);
INSERT INTO USR_GESTAO_PROJ.ALOCACOES_RECURSOS (ALOCACAO_ID, PROJETO_ID, FUNCIONARIO_ID, HORAS_TRABALHADAS) VALUES (2, 2, 2, 120.00);
INSERT INTO USR_GESTAO_PROJ.ALOCACOES_RECURSOS (ALOCACAO_ID, PROJETO_ID, FUNCIONARIO_ID, HORAS_TRABALHADAS) VALUES (3, 1, 3, 100.00);
INSERT INTO USR_GESTAO_PROJ.ALOCACOES_RECURSOS (ALOCACAO_ID, PROJETO_ID, FUNCIONARIO_ID, HORAS_TRABALHADAS) VALUES (4, 2, 4, 140.00);


-- 5

INSERT INTO USR_GESTAO_RH.DEPARTAMENTOS (DEPARTAMENTO_ID, NOME, LOCALIZACAO) VALUES (1, 'Recursos Humanos', 'São Paulo');
INSERT INTO USR_GESTAO_RH.DEPARTAMENTOS (DEPARTAMENTO_ID, NOME, LOCALIZACAO) VALUES (2, 'Tecnologia da Informação', 'Rio de Janeiro');

INSERT INTO USR_GESTAO_RH.FUNCIONARIOS (FUNCIONARIO_ID, NOME, DATA_NASCIMENTO, CARGO, SALARIO, DATA_ADMISSAO, DEPARTAMENTO_ID) VALUES (1, 'Guilherme Merisse', TO_DATE('1985-03-15', 'YYYY-MM-DD'), 'Gerente de RH', 8000.00, TO_DATE('2010-06-01', 'YYYY-MM-DD'), 1);
INSERT INTO USR_GESTAO_RH.FUNCIONARIOS (FUNCIONARIO_ID, NOME, DATA_NASCIMENTO, CARGO, SALARIO, DATA_ADMISSAO, DEPARTAMENTO_ID) VALUES (2, 'Carlos Filho', TO_DATE('1990-07-22', 'YYYY-MM-DD'), 'Analista de TI', 5000.00, TO_DATE('2015-09-15', 'YYYY-MM-DD'), 2);
INSERT INTO USR_GESTAO_RH.FUNCIONARIOS (FUNCIONARIO_ID, NOME, DATA_NASCIMENTO, CARGO, SALARIO, DATA_ADMISSAO, DEPARTAMENTO_ID) VALUES (3, 'Ana Luiza', TO_DATE('1992-11-30', 'YYYY-MM-DD'), 'Desenvolvedora', 6000.00, TO_DATE('2018-01-10', 'YYYY-MM-DD'), 2);
INSERT INTO USR_GESTAO_RH.FUNCIONARIOS (FUNCIONARIO_ID, NOME, DATA_NASCIMENTO, CARGO, SALARIO, DATA_ADMISSAO, DEPARTAMENTO_ID) VALUES (4, 'Pedro Santos', TO_DATE('1988-05-20', 'YYYY-MM-DD'), 'Coordenador de Projetos', 7000.00, TO_DATE('2012-03-05', 'YYYY-MM-DD'), 1);

INSERT INTO USR_GESTAO_RH.AVALIACOES_DESEMPENHO (AVALIACAO_ID, FUNCIONARIO_ID, DATA_AVALIACAO, NOTA, COMENTARIOS) VALUES (1, 1, TO_DATE('2024-01-10', 'YYYY-MM-DD'), 9.5, 'Excelente desempenho.');
INSERT INTO USR_GESTAO_RH.AVALIACOES_DESEMPENHO (AVALIACAO_ID, FUNCIONARIO_ID, DATA_AVALIACAO, NOTA, COMENTARIOS) VALUES (2, 2, TO_DATE('2024-02-15', 'YYYY-MM-DD'), 8.0, 'Bom desempenho.');
INSERT INTO USR_GESTAO_RH.AVALIACOES_DESEMPENHO (AVALIACAO_ID, FUNCIONARIO_ID, DATA_AVALIACAO, NOTA, COMENTARIOS) VALUES (3, 3, TO_DATE('2024-03-20', 'YYYY-MM-DD'), 8.5, 'Desempenho satisfatório.');
INSERT INTO USR_GESTAO_RH.AVALIACOES_DESEMPENHO (AVALIACAO_ID, FUNCIONARIO_ID, DATA_AVALIACAO, NOTA, COMENTARIOS) VALUES (4, 4, TO_DATE('2024-04-25', 'YYYY-MM-DD'), 9.0, 'Ótimo desempenho.');

INSERT INTO USR_GESTAO_RH.FOLHA_PAGAMENTO (PAGAMENTO_ID, FUNCIONARIO_ID, DATA_PAGAMENTO, SALARIO_BRUTO, DESCONTOS, SALARIO_LIQUIDO) VALUES (1, 1, TO_DATE('2024-01-31', 'YYYY-MM-DD'), 8000.00, 800.00, 7200.00);
INSERT INTO USR_GESTAO_RH.FOLHA_PAGAMENTO (PAGAMENTO_ID, FUNCIONARIO_ID, DATA_PAGAMENTO, SALARIO_BRUTO, DESCONTOS, SALARIO_LIQUIDO) VALUES (2, 2, TO_DATE('2024-01-31', 'YYYY-MM-DD'), 5000.00, 500.00, 4500.00);
INSERT INTO USR_GESTAO_RH.FOLHA_PAGAMENTO (PAGAMENTO_ID, FUNCIONARIO_ID, DATA_PAGAMENTO, SALARIO_BRUTO, DESCONTOS, SALARIO_LIQUIDO) VALUES (3, 3, TO_DATE('2024-01-31', 'YYYY-MM-DD'), 6000.00, 600.00, 5400.00);
INSERT INTO USR_GESTAO_RH.FOLHA_PAGAMENTO (PAGAMENTO_ID, FUNCIONARIO_ID, DATA_PAGAMENTO, SALARIO_BRUTO, DESCONTOS, SALARIO_LIQUIDO) VALUES (4, 4, TO_DATE('2024-01-31', 'YYYY-MM-DD'), 7000.00, 700.00, 6300.00);
