-- Dados

-- 3

INSERT INTO USR_GESTAO_HOTEL.CLIENTES (CLIENTE_ID, NOME, EMAIL, TELEFONE) VALUES (1, 'Guilherme Merisse', 'guilherme.merisse@example.com', '123456789');
INSERT INTO USR_GESTAO_HOTEL.CLIENTES (CLIENTE_ID, NOME, EMAIL, TELEFONE) VALUES (2, 'Carlos Filho', 'carlos.filho@example.com', '987654321');
INSERT INTO USR_GESTAO_HOTEL.CLIENTES (CLIENTE_ID, NOME, EMAIL, TELEFONE) VALUES (3, 'Ana Luiza', 'ana.luiza@example.com', '456789123');
INSERT INTO USR_GESTAO_HOTEL.CLIENTES (CLIENTE_ID, NOME, EMAIL, TELEFONE) VALUES (4, 'Pedro Santos', 'pedro.santos@example.com', '789123456');

INSERT INTO USR_GESTAO_HOTEL.QUARTOS (QUARTO_ID, NUMERO, TIPO, PRECO_DIARIA) VALUES (1, '101', 'Standard', 150.00);
INSERT INTO USR_GESTAO_HOTEL.QUARTOS (QUARTO_ID, NUMERO, TIPO, PRECO_DIARIA) VALUES (2, '102', 'Deluxe', 250.00);

INSERT INTO USR_GESTAO_HOTEL.RESERVAS (RESERVA_ID, CLIENTE_ID, QUARTO_ID, DATA_CHECKIN, DATA_CHECKOUT, STATUS) VALUES (1, 1, 1, TO_DATE('2024-01-10', 'YYYY-MM-DD'), TO_DATE('2024-01-15', 'YYYY-MM-DD'), 'Confirmada');
INSERT INTO USR_GESTAO_HOTEL.RESERVAS (RESERVA_ID, CLIENTE_ID, QUARTO_ID, DATA_CHECKIN, DATA_CHECKOUT, STATUS) VALUES (2, 2, 2, TO_DATE('2024-02-01', 'YYYY-MM-DD'), TO_DATE('2024-02-05', 'YYYY-MM-DD'), 'Confirmada');
INSERT INTO USR_GESTAO_HOTEL.RESERVAS (RESERVA_ID, CLIENTE_ID, QUARTO_ID, DATA_CHECKIN, DATA_CHECKOUT, STATUS) VALUES (3, 3, 1, TO_DATE('2024-03-10', 'YYYY-MM-DD'), TO_DATE('2024-03-15', 'YYYY-MM-DD'), 'Confirmada');
INSERT INTO USR_GESTAO_HOTEL.RESERVAS (RESERVA_ID, CLIENTE_ID, QUARTO_ID, DATA_CHECKIN, DATA_CHECKOUT, STATUS) VALUES (4, 4, 2, TO_DATE('2024-04-01', 'YYYY-MM-DD'), TO_DATE('2024-04-05', 'YYYY-MM-DD'), 'Confirmada');

INSERT INTO USR_GESTAO_HOTEL.PEDIDOS (PEDIDO_ID, CLIENTE_ID, DATA_PEDIDO, TOTAL, STATUS) VALUES (1, 1, TO_TIMESTAMP('2024-01-11 12:00:00', 'YYYY-MM-DD HH24:MI:SS'), 100.00, 'Pago');
INSERT INTO USR_GESTAO_HOTEL.PEDIDOS (PEDIDO_ID, CLIENTE_ID, DATA_PEDIDO, TOTAL, STATUS) VALUES (2, 2, TO_TIMESTAMP('2024-02-02 18:00:00', 'YYYY-MM-DD HH24:MI:SS'), 200.00, 'Pago');
INSERT INTO USR_GESTAO_HOTEL.PEDIDOS (PEDIDO_ID, CLIENTE_ID, DATA_PEDIDO, TOTAL, STATUS) VALUES (3, 3, TO_TIMESTAMP('2024-03-11 14:00:00', 'YYYY-MM-DD HH24:MI:SS'), 150.00, 'Pago');
INSERT INTO USR_GESTAO_HOTEL.PEDIDOS (PEDIDO_ID, CLIENTE_ID, DATA_PEDIDO, TOTAL, STATUS) VALUES (4, 4, TO_TIMESTAMP('2024-04-02 20:00:00', 'YYYY-MM-DD HH24:MI:SS'), 250.00, 'Pago');

INSERT INTO USR_GESTAO_HOTEL.ITENS_PEDIDO (ITEM_PEDIDO_ID, PEDIDO_ID, NOME_ITEM, QUANTIDADE, PRECO_UNITARIO) VALUES (1, 1, 'Sanduíche', 2, 25.00);
INSERT INTO USR_GESTAO_HOTEL.ITENS_PEDIDO (ITEM_PEDIDO_ID, PEDIDO_ID, NOME_ITEM, QUANTIDADE, PRECO_UNITARIO) VALUES (2, 2, 'Suco', 4, 10.00);
INSERT INTO USR_GESTAO_HOTEL.ITENS_PEDIDO (ITEM_PEDIDO_ID, PEDIDO_ID, NOME_ITEM, QUANTIDADE, PRECO_UNITARIO) VALUES (3, 3, 'Salada', 1, 50.00);
INSERT INTO USR_GESTAO_HOTEL.ITENS_PEDIDO (ITEM_PEDIDO_ID, PEDIDO_ID, NOME_ITEM, QUANTIDADE, PRECO_UNITARIO) VALUES (4, 4, 'Pizza', 1, 100.00);


